,AA_change,Expression
0,Ile188Asn,35.6
1,His192Pro,50.7
2,His192Arg,62.3
3,Ser194Phe,72.8
4,Gly196Val,105.3
5,Gly196Glu,79.8
6,Leu203Pro,72.5
7,Gly221Arg,50.5
8,Ala224Val,82.4
9,Ala224Thr,82.8
10,Ala224Glu,76.2
11,Met227Arg,46.2
12,Ser232Phe,81.0
13,Val235Met,72.3
14,Thr239Pro,44.1
15,Gly251Glu,46.9
16,Ala252Pro,71.5
17,Arg271Ser,86.3
18,Arg271His,74.8
19,Gly276Arg,48.2
20,Cys281Cys,53.4
21,Cys281Asp,15.0
22,Cys283Tyr,53.8
23,Pro289Leu,40.3
24,Ser290Phe,37.5
25,Leu291Arg,87.6
26,Gly295Ser,144.8
27,Gly295Arg,93.6
28,Phe298Leu,28.1
29,Gly303Ser,82.3
30,Leu304Pro,36.9
31,Gly307Cys,72.7
32,Gly312Arg,34.8
33,Ser313Arg,54.6
34,Pro321Leu,79.0
35,Val346Ile,88.0
36,Leu349Arg,30.3
37,Tyr354Cys,22.6
38,Trp398Arg,38.9
39,Gly401Glu,46.6
40,Gly401Arg,43.3
41,Leu433His,61.3
42,Leu434Trp,49.2
43,Ser441Pro,55.3
44,Ser441Leu,26.0
45,Arg445Ser,46.2
46,Arg445Leu,70.9
47,Arg445Cys,100.2
48,Asp453Val,19.5
49,Asp453Asn,85.5
50,Leu469Pro,32.1
51,Leu471Pro,28.7
52,Leu471Arg,85.3
53,Cys491Tyr,72.0
54,Leu492Pro,69.4
55,Leu494Pro,52.3
56,Gly495Ala,58.0
57,Asp498Asn,83.8
58,Gly499Asp,58.4
59,Leu512Pro,65.2
60,Ser519Leu,68.0
61,Gly523Asp,87.9
62,Gly527Ser,82.4
63,Gly536Arg,54.0
64,Pro537Leu,41.9
65,Gly541Cys,86.2
66,Leu543Pro,66.9
67,Ala553Asp,66.5
68,Gly558Asp,56.4
69,Gly564Glu,37.3
70,Gly564Arg,14.9
71,Leu568Pro,43.4
