,AA_change,PMExpression
0,Ile188Asn,14.4
1,His192Pro,31.5
2,His192Arg,36.4
3,Ser194Phe,35.6
4,Gly196Val,61.7
5,Gly196Glu,32.1
6,Leu203Pro,31.8
7,Gly221Arg,96.5
8,Ala224Val,75.3
9,Ala224Thr,66.8
10,Ala224Glu,35.6
11,Met227Arg,19.3
12,Ser232Phe,65.1
13,Val235Met,35.2
14,Thr239Pro,18.0
15,Gly251Glu,53.9
16,Ala252Pro,45.5
17,Arg271Ser,84.7
18,Arg271His,90.6
19,Gly276Arg,39.3
20,Gly282Cys,20.0
21,Gly282Asp,13.9
22,Cys283Tyr,40.4
23,Pro289Leu,24.8
24,Ser290Phe,24.6
25,Leu291Arg,90.4
26,Gly295Ser,101.2
27,Gly295Arg,90.7
28,Phe298Leu,27.1
29,Gly303Ser,77.4
30,Leu304Pro,26.9
31,Gly307Cys,55.2
32,Gly312Arg,32.4
33,Ser313Arg,51.5
34,Pro321Leu,69.4
35,Val346Ile,89.7
36,Leu349Arg,17.1
37,Tyr354Cys,27.8
38,Trp398Arg,23.0
39,Gly401Glu,23.6
40,Leu433His,40.1
41,Leu434Trp,37.7
42,Ser441Pro,63.8
43,Ser441Leu,10.3
44,Arg445Ser,40.7
45,Arg445Leu,50.8
46,Arg445Cys,92.6
47,Gly449Asp,97.7
48,Asp453Val,15.0
49,Asp453Asn,97.8
50,Leu469Pro,23.2
51,Leu471Pro,22.7
52,Leu471Arg,74.4
53,Cys491Tyr,50.9
54,Leu492Pro,60.5
55,Leu494Pro,39.3
56,Gly495Ala,48.5
57,Asp498Asn,106.6
58,Gly499Asp,35.2
59,Leu512Pro,29.5
60,Ser519Leu,78.5
61,Gly527Ser,58.3
62,Gly536Arg,27.2
63,Pro537Leu,36.4
64,Gly541Cys,93.7
65,Leu543Pro,25.0
66,Ala553Asp,34.4
67,Gly558Asp,69.0
68,Gly564Glu,27.1
69,Gly564Arg,17.5
70,Leu568Pro,39.7
