Residue,ShortPosition,LongPosition,Ala,Val,Tyr,Trp,Thr,Ser,Pro,Phe,Met,Lys,Leu,Ile,His,Gly,Gln,Glu,Cys,Asp,Asn,Arg
Met,-73,1,,,,,,,,,,,,,,,,,,,,
Gly,-72,2,,,,,,,,,,,,,,,,,,,,
Arg,-71,3,,,,,,,,,,,,,,,,,,,,
Gly,-70,4,,,,,,,,,,,,,,,,,,,,
Gly,-69,5,,,,,,,,,,,,,,,,,,,,
Gly,-68,6,,,,,,,,,,,,,,,,,,,,
Gly,-67,7,,,,,,,,,,,,,,,,,,,,
Leu,-66,8,,,,,,,,,,,,,,,,,,,,
Asp,-65,9,,,,,,,,,,,,,,,,,,,,
Val,-64,10,,,,,,,,,,,,,,,,,,,,
Gly,-63,11,,,,,,,,,,,,,,,,,,,,
Gly,-62,12,,,,,,,,,,,,,,,,,,,,
Gly,-61,13,,,,,,,,,,,,,,,,,,,,
Gly,-60,14,,,,,,,,,,,,,,,,,,,,
Glu,-59,15,,,,,,,,,,,,,,,,,,,,
Gly,-58,16,,,,,,,,,,,,,,,,,,,,
Ser,-57,17,,,,,,,,,,,,,,,,,,,,
Arg,-56,18,,,,,,,,,,,,,,,,,,,,
Asp,-55,19,,,,,,,,,,,,,,,,,,,,
Arg,-54,20,,,,,,,,,,,,,,,,,,,,
Leu,-53,21,,,,,,,,,,,,,,,,,,,,
Ser,-52,22,,,,,,,,,,,,,,,,,,,,
Arg,-51,23,,,,,,,,,,,,,,,,,,,,
Asp,-50,24,,,,,,,,,,,,,,,,,,,,
Gly,-49,25,,,,,,,,,,,,,,,,,,,,
Leu,-48,26,,,,,,,,,,,,,,,,,,,,
Ala,-47,27,,,,,,,,,,,,,,,,,,,,
Ser,-46,28,,,,,,,,,,,,,,,,,,,,
Trp,-45,29,,,,,,,,,,,,,,,,,,,,
Gly,-44,30,,,,,,,,,,,,,,,,,,,,
Ala,-43,31,,,,,,,,,,,,,,,,,,,,
Glu,-42,32,,,,,,,,,,,,,,,,,,,,
Pro,-41,33,,,,,,,,,,,,,,,,,,,,
Gly,-40,34,,,,,,,,,,,,,,,,,,,,
Gly,-39,35,,,,,,,,,,,,,,,,,,,,
Gly,-38,36,,,,,,,,,,,,,,,,,,,,
Gly,-37,37,,,,,,,,,,,,,,,,,,,,
Ser,-36,38,,,,,,,,,,,,,,,,,,,,
Gly,-35,39,,,,,,,,,,,,,,,,,,,,
Ser,-34,40,,,,,,,,,,,,,,,,,,,,
Gly,-33,41,,,,,,,,,,,,,,,,,,,,
Ser,-32,42,,,,,,,,,,,,,,,,,,,,
Ser,-31,43,,,,,,,,,,,,,,,,,,,,
Ser,-30,44,,,,,,,,,,,,,,,,,,,,
Pro,-29,45,,,,,,,,,,,,,,,,,,,,
Pro,-28,46,,,,,,,,,,,,,,,,,,,,
Ser,-27,47,,,,,,,,,,,,,,,,,,,,
Ser,-26,48,,,,,,,,,,,,,,,,,,,,
Ser,-25,49,,,,,,,,,,,,,,,,,,,,
Ser,-24,50,,,,,,,,,,,,,,,,,,,,
Cys,-23,51,,,,,,,,,,,,,,,,,,,,
Ser,-22,52,,,,,,,,,,,,,,,,,,,,
Ser,-21,53,,,,,,,,,,,,,,,,,,,,
Arg,-20,54,,,,,,,,,,,,,,,,,,,,
Asn,-19,55,,,,,,,,,,,,,,,,,,,,
Lys,-18,56,,,,,,,,,,,,,,,,,,,,
Tyr,-17,57,,,,,,,,,,,,,,,,,,,,
Gln,-16,58,,,,,,,,,,,,,,,,,,,,
Pro,-15,59,,,,,,,,,,,,,,,,,,,,
Gln,-14,60,,,,,,,,,,,,,,,,,,,,
Ser,-13,61,,,,,,,,,,,,,,,,,,,,
Gly,-12,62,,,,,,,,,,,,,,,,,,,,
Ser,-11,63,,,,,,,,,,,,,,,,,,,,
Ser,-10,64,,,,,,,,,,,,,,,,,,,,
Gly,-9,65,,,,,,,,,,,,,,,,,,,,
Pro,-8,66,,,,,,,,,,,,,,,,,,,,
Ser,-7,67,,,,,,,,,,,,,,,,,,,,
Ser,-6,68,,,,,,,,,,,,,,,,,,,,
His,-5,69,,,,,,,,,,,,,,,,,,,,
Ser,-4,70,,,,,,,,,,,,,,,,,,,,
Pro,-3,71,,,,,,,,,,,,,,,,,,,,
Pro,-2,72,,,,,,,,,,,,,,,,,,,,
Ala,-1,73,,,,,,,,,,,,,,,,,,,,
Ala,0,74,,,,,,,,,,,,,,,,,,,,
Met,1,75,,,,,,,,,,,,,,,,,,,,
Ala,2,76,,,,,,,,,,,,,,,,,,,,
Leu,3,77,,,,,,,,,,,,,,,,,,,,
Gln,4,78,,,,,,,,,,,,,,,,,,,,
Ser,5,79,,,,,,,,,,,,,,,,,,,,
Gln,6,80,,,,,,,,,,,,,,,,,,,,
Ala,7,81,,,,,,,,,,,,,,,,,,,,
Ser,8,82,100.409953989893,,,,,,,,,,,,,,,,,,,
Glu,9,83,,,,,,,,,,,,,,,,,,,,
Glu,10,84,,,,,,,,,,,,,,,,,,,,
Ala,11,85,,,,,,,,,,,,,,,,,,,,
Lys,12,86,,,,,,,,,,,,,,,,,,,,
Gly,13,87,,,,,,,,,,,,,,,,,,,,
Pro,14,88,,,,,,,,,,,,,,,,,,,,
Trp,15,89,,,,,,,,,,,,,,,,,,,,
Gln,16,90,,,,,,,,,,,,,,,,,,,,
Glu,17,91,,,,,,,,,,,,,,,,,,,,
Ala,18,92,,,,,,,,,,,,,,,,,,,,
Asp,19,93,,,,,,,,,,,,,,,,,,,,
Gln,20,94,,,,,,,,,,,,,,,,,,,,
Glu,21,95,,,,,,,,,,,,,,,,,,,,
Gln,22,96,,,,,,,,,,,,,,,,,,,,
Gln,23,97,,,,,,,,,,,,,,,,,,,,
Glu,24,98,,,,,,,,,,,,,,,,,,,,
Pro,25,99,,,,,,,,,,,,,,,,,,,,
Val,26,100,,,,,,,,,,,,,,,,,,,,
Gly,27,101,,,,,,,,,,,,,,,,,,,,
Ser,28,102,103.619861414367,,,,,,,,,,,,,,,,,,,
Pro,29,103,,,,,,,,,,,,,,,,,,,,
Glu,30,104,,,,,,,,,,,,,,,,,,,,
Pro,31,105,,,,,,,,,,,,,,,,,,,,
Glu,32,106,,,,,,,,,,,,,,,,,,,,
Ser,33,107,110.037882048418,,,,,,,,,,,,,,,,,115.8,,
Glu,34,108,,,,,,,,,,,,,,,,,,,,
Pro,35,109,,,,,,,,,,,,,,,,,,,,
Glu,36,110,,,,,,,,,,,,,,,,,,,,
Pro,37,111,,,,,,,,,,,,,,,,,,,,
Glu,38,112,,,,,,,,,,,,,,,,,,,,
Pro,39,113,,,,,,,,,,,,,,,,,,,,
Glu,40,114,,,,,,,,,,,,,,,,,,,,
Pro,41,115,,,,,,,,,,,,,,,,,,,,
Glu,42,116,,,,,,,,,,,,,,,,,,,,
Pro,43,117,,,,,,,,,,,,,,,,,,,,
Val,44,118,,,,,,,,,,,,,,,,,,,,
Pro,45,119,,,,,,,,,,,,,,,,,,,,
Val,46,120,,,,,,,,,,,,,,,,,,,,
Pro,47,121,,,,,,,,,,,,,,,,,,,,
Pro,48,122,,,,,,,,,,,,,,,,,,,,
Pro,49,123,,,,,,,,,,,,,,,,,,,,
Glu,50,124,,,,,,,,,,,,,,,,,,,,
Pro,51,125,,,,,,,,,,,,,,,,,,,,
Gln,52,126,,,,,,,,,,,,,,,,,,,,
Pro,53,127,,,,,,,,,,,,,,,,,,,,
Glu,54,128,,,,,,,,,,,,,,,,,,,,
Pro,55,129,,,,,,,,,,,,,,,,,,,,
Gln,56,130,,,,,,,,,,,,,,,,,,,,
Pro,57,131,,,,,,,,,,,,,,,,,,,,
Leu,58,132,,,,,,,,,,,,,,,,,,,,
Pro,59,133,,,,,,,,,,,,,,,,,,,,
Asp,60,134,,,,,,,,,,,,,,,,,,,,
Pro,61,135,,,,,,,,,,,,,,,,,,,,
Ala,62,136,,,,,,,,,,,,,,,,,,,,
Pro,63,137,,,,,,,,,,,,,,,,,,,,
Leu,64,138,,,,,,,,,,,,,,,,,,,,
Pro,65,139,,,,,,,,,,,,,,,,,,,,
Glu,66,140,,,,,,,,,,,,,,,,,,,,
Leu,67,141,,,,,,,,,,,,,,,,,,,,
Glu,68,142,,,,,,,,,,,,,,,,,,,,
Phe,69,143,,,,,,,,,,,,,,,,,,,,
Glu,70,144,,,,,,,,,,,,,,,,,,,,
Ser,71,145,,,,,,,,,,,,,,,,,,,,
Glu,72,146,,,,,,,,,,,,,,,,,,,,
Arg,73,147,,,,,,,,,,,,,,,,,,,,
Val,74,148,,,,,,,,,,,,,,,,,,,,
His,75,149,,,,,,,,,,,,,,,,,,,,
Glu,76,150,,,,,,,,,,,,,,,,,,,,
Pro,77,151,,,,,,,,,,,,,,,,,,,,
Glu,78,152,,,,,,,,,,,,,,,,,,,,
Pro,79,153,,,,,,,,,,,,,,,,,,,,
Thr,80,154,,,,,,,,,,,,,,,,,,,,
Pro,81,155,,,,,,,,,,,,,,,,,,,,
Thr,82,156,,,,,,,,,,,,,,,,,,,,
Val,83,157,,,,,,,,,,,,,,,,,,,,
Glu,84,158,,,,,,,,,,,,,,,,,,,,
Thr,85,159,,,,,,,,,,,,,,,,,,,,
Arg,86,160,,,,,,,,,,,,,,,,,,,,
Gly,87,161,,,,,,,,,,,,,,,,,,,,
Thr,88,162,,,,,,,,,,,,,,,,,,,,
Ala,89,163,,,,,,,,,,,,,,,,,,,,
Arg,90,164,,,,,,,,,,,,,,,,,,,,
Gly,91,165,,,,,,,,,,,,,,,,,,,,
Phe,92,166,,,,,,,,,,,,,,,,,,,,
Gln,93,167,,,,,,,,,,,,,,,,,,,,
Pro,94,168,,,,,,,,,,,,,,,,,,,,
Pro,95,169,95.8,,,,,,,,,,,,,,,,,,,
Glu,96,170,29.6,,,,,,,,,,,,,,,,,,,
Gly,97,171,65.6,,,,,,,,,,,,,,,,,,,
Gly,98,172,78.8,,,,,,,,,,,,,,,,,,,
Phe,99,173,91.4,,,,,,,,,,,,,,,,,,,
Gly,100,174,86.8,,,,,,,,,,,,,,,,,,,
Trp,101,175,15.6,,,,,,,,,,,,,,,,,,,
Val,102,176,86.9,,,,,,,,,,,,,,,,,,,
Val,103,177,90.1,,,,,,,,,,,,,,,,,,,
Val,104,178,88.8,,,,,,,,,,,,,,,,,,,
Phe,105,179,83.8,,,,,,,,,,,,,,,,,,,
Ala,106,180,,,,,,,,,,,,,,,,,,,,
Ala,107,181,,,,,,,,,,,,,,,,,,,,
Thr,108,182,117.2,,,,,,,,,,,,,,,,,,,
Trp,109,183,86.7,,,,,,,,,,,,,,,,,,,
Cys,110,184,92.3,,,,,,,,,,,,,,,,,,,
Asn,111,185,95.9,,,,,,,,,,,,,,,,,,,
Gly,112,186,51.4,,,,,,,,,,,,,,,,,,,
Ser,113,187,92.3,,,,,,,,,,,,,,,,,,,
Ile,114,188,29.6,,,,,,,,,,94,,,,,,,,-0.4,
Phe,115,189,73.7,,,,,,,,,,,,,,,,,,,
Gly,116,190,101.3,,,,,,,,,,,,,,,,,,,
Ile,117,191,48.3,,,,,,,,,,,,,,,,,,,
His,118,192,58.5,,,,,,3.7,79.1,,,,,,,82.7,,,,,0.5
Asn,119,193,18,,,,,,,,,,,4.9,,,,,,,,
Ser,120,194,77.9,,,,,,,7.6,,,,,,,,,,,,
Val,121,195,93.8,,,,,,,,,,,,,,,,,,,
Gly,122,196,41.8,-0.4,,,,,,,,,,,,,,-2.3,,,,
Ile,123,197,49.1,,,,,,,,,,,,,,,,,,,
Leu,124,198,9.2,,,,,,,,,,,,,,,,,,,
Tyr,125,199,16.3,,,,,,,,,,,,,,,,,,,
Ser,126,200,90.7,,,,,,,,,,,,,,,,,,,
Met,127,201,76.8,,,,,,,,,,,,,,,,,,,
Leu,128,202,64.7,,,,,,,,,,,,,,,,,,,
Leu,129,203,58.5,,,,,,4,,,,,82.6,,,,,,,,
Glu,130,204,92.6,,,,,,,,,,,,,,,,,,,
Glu,131,205,91.6,,,,,,,,,,,,,,,,,,,
Glu,132,206,91.6,,,,,,,,,,,,,,,,,,,
Lys,133,207,98.1,,,,,,,,,,,,,,,,,,,
Glu,134,208,98.1,,,,,,,,,,,,,,,,,,,
Lys,135,209,95.4,,,,,,,,,,,,,,,,,,,
Asn,136,210,95.4,,,,,,,,,,,,,,,,,,,
Arg,137,211,105.7,,,,,,,,,,,,,,,,,,,
Gln,138,212,105.7,,,,,,,,,,,,,,,112.1,,,,
Val,139,213,105.7,,,,,,,,,,,,,,,,,,,
Glu,140,214,82.1,,,,,,,,,,,,,,,,,,,
Phe,141,215,82.1,,,,,,,,,,,,,,,,,,,
Gln,142,216,82.1,,,,,,,,,,,,,,,,,,,
Ala,143,217,,,,,,,,,,,,,,,,,,,,
Ala,144,218,,,,,,,,,,,,,,,,,,,,
Trp,145,219,84.3,,,,,,,,,,,,,,,,,,,
Val,146,220,83.7,,,,,,,,,,,,,,,,,,,
Gly,147,221,88.5,,,,,,,,,,,,,,,,,,,0.8
Ala,148,222,,,,,,,,,,,,,,,,,,,,
Leu,149,223,77.8,,,,,,,,,,,,,,,,,,,
Ala,150,224,,2.7,,,9.6,94.8,,,,,,,,,,4.5,,,,
Met,151,225,51.4,,,,,,,,,,,,,,,,,,,
Gly,152,226,61.3,,,,,,,,,,,,,,,,,,,
Met,153,227,97.8,,,,,,,,,,,,,,,,,,,-0.5
Ile,154,228,86.9,,,,,,,,,,,,,,,,,,,
Phe,155,229,62.8,,,,,,,,,,,,,,,,,,,
Phe,156,230,85.5,,,,,,,,,,,,,,,,,,,
Cys,157,231,76.4,,,,,,,,,,,,,,,,,,,
Ser,158,232,105.5,,,,,,,0.9,,,,,,,,,,,,
Pro,159,233,24.7,,,,,,,,,,,,,,,,,,,
Ile,160,234,98.9,,,,,,,,,,,,,,,,,,,
Val,161,235,107.5,,,,,,,,3,,,50.7,,,,,,,,
Ser,162,236,108.9,,,,,,,,,,,,,,,,,,,
Ile,163,237,104.6,,,,,,,,,,,,,,,,,,,
Phe,164,238,96.7,,,,,,,,,,,,,,,,,,,
Thr,165,239,97.3,,,,,,9.9,,,,,,,,,,,,,
Asp,166,240,88.7,,,,,,,,,,,,,,,,,,,
Arg,167,241,85.2,,,,,,,,,,,,,,,,,,,
Leu,168,242,89.3,,,,,,,,,,,,,,,,,,,
Gly,169,243,35.7,,,,,,,,,,,,,,,,,,,
Cys,170,244,,,,,,,,,,,,,,,,,,,,
Arg,171,245,103.4,,,,,,,,,,,,,,,,,,,
Ile,172,246,96.1,,,,,,,,,,,,,,,,,,,
Thr,173,247,81.2,,,,,,,,,,,,,,,,,,,
Ala,174,248,,,,,,,,,,,,,,,,,,,,
Thr,175,249,110.4,,,,,,,,,,,,,,,,,,,
Ala,176,250,,,,,,,,,,,,,,,,,,,,
Gly,177,251,13.1,,,,,,,,,,,,,,,0.2,,,,
Ala,178,252,,,,,,99.6,4.9,,,,,,,,,,,,,
Ala,179,253,,,,,,,,,,,,,,,,,,,,
Val,180,254,99.1,,,,,,,,,,,,,,,,,,,
Ala,181,255,,,,,,,,,,,,,,,,,,,,
Phe,182,256,100.2,,,,,,,,,,,,,,,,,,,
Ile,183,257,98.7,,,,,,,,,,,,,,,,,,,
Gly,184,258,93.3,,,,,,,,,,,,,,,,,,,
Leu,185,259,64,,,,,,,,,,,,,,,,,,,
His,186,260,100.7,,,,,,,,,,,,,,,,,,,
Thr,187,261,96.2,,,,,,,,,,,,,,,,,,,
Ser,188,262,96.5,,,,,,,,,,,,,,,,,,,
Ser,189,263,103,,,,,,,,,,,,,,,,,,,
Phe,190,264,92.6,,,,,,,,,,,,,,,,,,,
Thr,191,265,99.6,,,,,,,,,,,,,,,,,,,
Ser,192,266,99.6,,,,,,,,,,,,,,,,,,,
Ser,193,267,99.6,,,,,,,,,,,,,,,,,,,
Leu,194,268,58.2,,,,,,,,,,,,,,,,,,,
Ser,195,269,58.2,,,,,,,,,,,,,,,,,,,
Leu,196,270,102.7,,,,,,,,,,,,,,,,,,,
Arg,197,271,43.4,,,,,36,,,,103.2,107.8,,11.4,,,,,,,
Tyr,198,272,75.8,,,,,,,,,,,,,,,,,,,
Phe,199,273,99.6,,,,,,,,,,,,,,,,,,,
Thr,200,274,87.2,,,,,,,,,,,,,,,,,,,
Tyr,201,275,59.6,,,,,,,,,,,,,,,,,,,
Gly,202,276,77.8,,,,,,,,,,,,,,,,,,,1.6
Ile,203,277,85.1,,,,,,,,,,,,,,,,,,,
Leu,204,278,93.4,,,,,,,,,,,,,,,,,,,
Phe,205,279,26.3,,,,,,,,,,,,,,,,,,,
Gly,206,280,31.7,,,,,,,,,,,,,,,,,,,
Cys,207,281,107.3,,,,,,,,,,,,,,,,,,,
Gly,208,282,69.4,,,,,,,,,,,,,,,,5.9,-1.1,,
Cys,209,283,75,,-0.9,,,,,,,,,,,,,,,,,
Ser,210,284,96.9,,,,,,,,,,,,,,,,,,,
Phe,211,285,101.7,,,,,,,,,,,,,,,,,,,
Ala,212,286,,,,,107.3,112,,,,,,,,,,,,,,
Phe,213,287,33.1,,,,,,,,,,,,,,,,,,,
Gln,214,288,57.8,,,,,,,,,,,,,,,,,,,
Pro,215,289,69.8,,,,,,,,,,0.4,,,,,,,,,
Ser,216,290,98,,,,,,,9.9,,,,,,,,,,,,
Leu,217,291,43.5,,,,,,,,,,,107.5,,,,,,,,7.3
Val,218,292,72,,,,,,,,,,,,,,,,,,,
Ile,219,293,75.1,,,,,,,,,,,,,,,,,,,
Leu,220,294,61.5,,,,,,,,,,,,,,,,,,,
Gly,221,295,85.8,,,,,62.8,,,,,,,,,,,,,,55
His,222,296,88.2,,,,,,,,,,,,,,,,,,,
Tyr,223,297,3.8,,,,,,,88.9,,,,,,,,,,,,
Phe,224,298,1.9,,108.6,,,,,,,,1,,,,,,,,,
Gln,225,299,81.4,,,,,,,,,,,,,,,,,,,
Arg,226,300,92.4,,,,,,,,,90.3,,,,,,,,,,
Arg,227,301,28.1,,,,,,,,,80.5,,,,,,,,,,
Leu,228,302,74.4,,,,,,,,,,,,,,,,,,,
Gly,229,303,23,,,,,34.8,,,,,,,,,,,,,,
Leu,230,304,4.2,,,,,,0.9,,,,,80.5,,,,,,,,
Ala,231,305,,,,,,,,,,,,,,,,,,,,
Asn,232,306,97.7,,,,,,,93.7,,,,,,,,,,,,
Gly,233,307,58.5,,,,,,,,,,,,,,,,13.2,,,
Val,234,308,95.4,,,,,,,,,,,,,,,,,,,
Val,235,309,62.5,,,,,,,,,,,,,,,,,,,
Ser,236,310,99.5,,,,,,,,,,,,,,,,,,,
Ala,237,311,,,,,,,,,,,,,,,,,,,,
Gly,238,312,86,,,,,,,,,,,,,,,,,,,0.2
Ser,239,313,98.7,,,,,,,,,,,,,,,,,,,3.1
Ser,240,314,95.2,,,,,,,,,,,,,,,,,,,
Ile,241,315,80,,,,,,,,,,,,,,,,,,,
Phe,242,316,59.1,,,,,,,,,,,,,,,,,,,
Ser,243,317,77.7,,,,,,,,,,,,,,,,,,,
Met,244,318,78.9,,,,,,,,,,,,,,,,,,,
Ser,245,319,98.3,,,,,,,,,,,,,,,,,,,
Phe,246,320,59,,,,,,,,,,,,,,,,,,,
Pro,247,321,81.1,,,,,,,,,,5.5,,,,,,,,,
Phe,248,322,75.2,,,,,,,,,,,,,,,,,,,
Leu,249,323,76.5,,,,,,,,,,,,,,,,,,,
Ile,250,324,61.7,,,,,,,,,,,,,,,,,,,
Arg,251,325,91.9,,,,,,,,,,,,,,,,,,,
Met,252,326,94.9,,,,,,,,,,,,,,,,,,,
Leu,253,327,92.3,,,,,,,,,,,,,,,,,,,
Gly,254,328,89.7,,,,,,,,,,,,,,,,,,,
Asp,255,329,73.5,,,,,,,,,,,,,,,,,,,
Lys,256,330,73.5,,,,,,,,,,,,,,,,,,,
Ile,257,331,73.5,,,,,,,,,,,,,,,,,,,
Lys,258,332,73.5,,,,,,,,,,,,,,,,,,,
Leu,259,333,87.7,,,,,,,,,,,,,,,,,,,
Ala,260,334,,,,,,,,,,,,,,,,,,,,
Gln,261,335,86,,,,,,,,,,,,,,,,,,,
Thr,262,336,86,,,,,,,,,,,,,,,,,,,
Phe,263,337,77,,,,,,,,,,,,,,,,,,,
Gln,264,338,96.1,,,,,,,,,,,,,,,,,,,
Val,265,339,84.7,,,,,,,,,,,,,,,,,,,
Leu,266,340,51.8,,,,,,,,,,,,,,,,,,,
Ser,267,341,97.9,,,,,,,,,,,,,,,,,,,
Thr,268,342,95,,,,,,,,,,,,,,,,,,,
Phe,269,343,87.7,,,,,,,,,,,,,,,,,,,
Met,270,344,86.2,,,,,,,,,,,,,,,,,,,
Phe,271,345,112,,,,,,,,,,,,,,,,,,,
Val,272,346,108.3,,,,,,,,,,,111.6,,,,,,,,
Leu,273,347,92.3,,,,,,,,,,,,,,,,,,,
Met,274,348,108.3,,,,,,,,,,,,,,,,,,,
Leu,275,349,116.3,,,,,,,,,,,,,,,,,,,-1.6
Leu,276,350,98.7,,,,,,,,,,,,,,,,,,,
Ser,277,351,101.2,,,,,,,,,,,,,,,,,,,
Leu,278,352,107,,,,,,,,,,,,,,,,,,,
Thr,279,353,105.7,,,,,,,,,,,,,,,,,,,
Tyr,280,354,7.5,,,,,,,99.1,,,,,,,,,-0.4,,,
Arg,281,355,73.1,,,,,,,,,,,,,,,,,,,
Pro,282,356,73.1,,,,,,,,,,,,,,,,,,,
Leu,283,357,73.1,,,,,,,,,,,,,,,,,,,102
Leu,284,358,73.1,,,,,,,,,,,,,,,,,,,
Pro,285,359,104.9,,,,,,,,,,,,,,,,,,,
Ser,286,360,113.5,,,,,,,,,,,,,,,,,106.4,,
Ser,287,361,104.9,,,,,,,,,,,,,,,,,,,
Gln,288,362,104.9,,,,,,,,,,,,,,,,,,,
Asp,289,363,97,,,,,,,,,,,,,,,,,,,
Thr,290,364,97,,,,,,,,,,,,,,,,,,,
Pro,291,365,97,,,,,,,,,,,,,,,,,,,
Ser,292,366,108.3,,,,,,,,,,,,,,,,,109.4,,
Lys,293,367,83.3,,,,,,,,,,,,,,,,,,,
Arg,294,368,102.5,,,,,,,,,,,,,,,,,,,
Gly,295,369,102.5,,,,,,,,,,,,,,,,,,,
Val,296,370,102.5,,,,,,,,,,,,,,,,,,,
Arg,297,371,102.5,,,,,,,,,,,,,,,,,,,
Thr,298,372,,,,,,,,,,,,,,,,,,,,
Leu,299,373,,,,,,,,,,,,,,,,,,,,
His,300,374,,,,,,,,,,,,,,,,,,,,
Gln,301,375,,,,,,,,,,,,,,,,,,,,
Arg,302,376,82.2,,,,,,,,,,,,,,,,,,,
Phe,303,377,82.2,,,,,,,,,,,,,,,,,,,
Leu,304,378,82.2,,,,,,,,,,,,,,,,,,,
Ala,305,379,,,,,,,,,,,,,,,,,,,,
Gln,306,380,87.6,,,,,,,,,,,,,,,,,,,
Leu,307,381,87.6,,,,,,,,,,,,,,,,,,,
Arg,308,382,87.6,,,,,,,,,,,,,,,,,,,
Lys,309,383,100.5,,,,,,,,,,,,,,,,,,,
Tyr,310,384,90.2,,,,,,,,,,,,,,,,,,,
Phe,311,385,90.2,,,,,,,,,,,,,,,,,,,
Asn,312,386,90.2,,,,,,,,,,,,,,,,,,,
Met,313,387,107.8,,,,,,,,,,,,,,,,,,,
Arg,314,388,98.7,,,,,,,,,,,,,,102.6,,,,,
Val,315,389,115.3,,,,,,,,,,,,,,,,,,,
Phe,316,390,101.1,,,,,,,,,,,,,,,,,,,
Arg,317,391,106.2,,,,,,,,,,,,,,,,,,,
Gln,318,392,108.8,,,,,,,,,,,,,,,,,,,
Arg,319,393,100.3,,,,,,,,,,,,,,,,,,,
Thr,320,394,99.8,,,,,,,,,,,,,,,,,,,
Tyr,321,395,75.8,,,,,,,,,,,,,,,,,,,
Arg,322,396,88.5,,,,,,,,,,,,,,,,,,,
Ile,323,397,95.4,,,,,,,,,,,,,,,,,,,
Trp,324,398,88,,,,,,,,,,,,,,,,,,,0.7
Ala,325,399,,,,,,,,,,,,,,,,,,,,
Phe,326,400,98.9,,,,,,,,,,,,,,,,,,,
Gly,327,401,93.9,,,,,,,,,,,,,,,25,,,,2.5
Ile,328,402,72.3,,,,,,,,,,,,,,,,,,,
Ala,329,403,,,,,,,,,,,,,,,,,,,,
Ala,330,404,,,,,,,,,,,,,,,,,,,,
Ala,331,405,,,,,,,,,,,,,,,,,,,,
Ala,332,406,,,,,,,,,,,,,,,,,,,,
Leu,333,407,88.5,,,,,,,,,,,,,,,,,,,
Gly,334,408,82.2,,,,,,,,,,,,,,,,,,,
Tyr,335,409,59.3,,,,,,,,,,,,,,,,,,,
Phe,336,410,64.7,,,,,,,,,,,,,,,,,,,
Val,337,411,82.7,,,,,,,,,,,,,,,,,,,
Pro,338,412,77.9,,,,,,,,,,,,,,,,,,,
Tyr,339,413,65.4,,,,,,,,,,,,,,,,,,,
Val,340,414,42.9,,,,,,,,,,,,,,,,,,,
His,341,415,62.3,,,,,,,,,,,,,,,,,,,
Leu,342,416,40.1,,,,,,,,,,,,,,,,,,,
Met,343,417,83.1,,,,,,,,,,,,,,,,,,,
Lys,344,418,83.1,,,,,,,,,,,,,,,,,,,
Tyr,345,419,100.4,,,,,,,,,,,,,,,,,,,
Val,346,420,119.8,,,,,,,,,,,,,,,,,,,
Glu,347,421,121.2,,,,,,,,,,,,,,,,,,,
Glu,348,422,101.6,,,,,,,,,,,,,,,,,,,
Glu,349,423,93.1,,,,,,,,,,,,,,,,,,,
Phe,350,424,86.1,,,,,,,,,,,,,,,,,,,
Ser,351,425,105.1,,,,,,,,,,,,,,,,,,,
Glu,352,426,103.2,,,,,,,,,,,,,,,,,,,
Ile,353,427,92.3,,,,,,,,,,,,,,,,,,,
Lys,354,428,104.5,,,,,,,,,,,,,,,,,,,
Glu,355,429,106.3,,,,,,,,,,,,,,,,,,,
Thr,356,430,108.8,,,,,,,,,,,,,,,,,,,
Trp,357,431,75.7,,,,,,,,,,,,,,,,,,,
Val,358,432,92,,,,,,,,,,,,,,,,,,,
Leu,359,433,61.3,80.2,,,,,,,,,,,10.8,,,,,,,
Leu,360,434,60.6,,,20.6,,,,,,,,,,,,,,,,
Val,361,435,96.5,,,,,,,,,,,,,,,,,,,
Cys,362,436,85.8,,,,,,,,,,,,,,,,,,,
Ile,363,437,57.5,,,,,,,,,,,,,,,,,,,
Gly,364,438,98.8,,,,,,,,,,,,,,,,,,,
Ala,365,439,,,,,,,,,,,,,,,,,,,,
Thr,366,440,111.7,,,,,,,,,,,,,,,,,,,
Ser,367,441,50.9,,,,81.2,,1,,,,0.2,,,,,,,,,
Gly,368,442,90.2,,,,,,,,,,,,,,,,,,,
Leu,369,443,93.2,,,,,,,,,,,,,,,,,,,
Gly,370,444,97.3,,,,,,,,,,,,,,,,,,,
Arg,371,445,0.3,,,,,5.7,,,,70.2,0.7,,,,,,4.6,,,
Leu,372,446,63.9,,,,,,,,,,,,,,,,,,,
Val,373,447,90.8,,,,,,,,,,,,,,,,,,,
Ser,374,448,87.9,,,,,,,,,,,,,,,,,,,
Gly,375,449,21.3,,,,,,,,,,,,,,,,,-2.6,,
His,376,450,112.4,,,,,,,,,,,,,,,,,,,
Ile,377,451,94.9,,,,,,,,,,,,,,,,,,,
Ser,378,452,1.6,,,,,,,,,,,,,,,,,,,
Asp,379,453,7,6.8,,,,,,,,,,,,,,7.5,,,6,
Ser,380,454,91.6,,,,,,,,,,,,,,,,,,,
Ile,381,455,73.9,,,,,,,,,,,,,,,,,,,
Pro,382,456,75.5,,,,,,,,,,,,,,,,,,,
Gly,383,457,75.5,,,,,,,,,,,,,,,,,,,
Leu,384,458,77.1,,,,,,,,,,,,,,,,,,,
Lys,385,459,83.7,,,,,,,,,,,,,,,,,,,
Lys,386,460,34.2,,,,,,,,,,,,,,,,,,,
Ile,387,461,81.3,,,,,,,,,,,,,,,,,,,
Tyr,388,462,64.4,,,,,,,,,,,,,,,,,,,
Leu,389,463,91.9,,,,,,,,,,,,,,,,,,,
Gln,390,464,58.9,,,,,,,,,,,,,,,,,,,
Val,391,465,113,,,,,,,,,,,,,,,,,,,
Leu,392,466,98.3,,,,,,,,,,,,,,,,,,,
Ser,393,467,102.8,,,,,,,,,,,,,,,,,,,
Phe,394,468,97.8,,,,,,,,,,,,,,,,,,,
Leu,395,469,94.4,,,,,,18.2,,,,,,,,,,,,,
Leu,396,470,96.5,,,,,,,,,,,,,,,,,,,
Leu,397,471,74.2,,,,,,-1.1,,,,,,,,,,,,,0.3
Gly,398,472,74.5,,,,,,,,,,,,,,,,,,,
Leu,399,473,103.1,,,,,,,,,,,,,,,,,,,
Met,400,474,101,,,,,,,,,,,,,,,,,,,
Ser,401,475,85.6,,,,,,,,,,,,,,,,,,,
Met,402,476,6,,,,,,,,,,,104.5,,,,,,,,
Met,403,477,95.8,,,,,,,,,,,,,,,,,,,
Ile,404,478,,,,,,,,,,,,,,,,,,,,
Pro,405,479,,,,,,,,,,,,,,,,,,,,
Leu,406,480,,,,,,,,,,,,,,,,,,,,
Cys,407,481,,,,,,,,,,,,,,,,,,,,
Arg,408,482,,,,,,,,,,,,,,,,,,,,
Asp,409,483,94.6,,,,,,,,,,,,,,,,,,,
Phe,410,484,74.6,,,,,,,,,,,,,,,,,,,
Gly,411,485,101.4,,,,,,,,,,,,,,,,,,,
Gly,412,486,93.9,,,,,,,,,,,,,,,,,,,
Leu,413,487,55.3,,,,,,,,,,,,,,,,,,,6.9
Ile,414,488,86.8,,,,,,,,,,,,,,,,,,,
Val,415,489,107.9,,,,,,,,,,,,,,,,,40.1,,
Val,416,490,86.4,,,,,,,,,,,,,,,,,,,
Cys,417,491,90.5,,8.6,,,,,,,,,,,,,,,,,
Leu,418,492,103.1,,,,,,18.5,,,,,,,,,,,,,
Phe,419,493,97.2,,,,,,,,,,,,,,,,,,,
Leu,420,494,68,,,,,,0.7,,,,,,,,,,,,,
Gly,421,495,5.1,,,,,,,,,,,,,,,,,,,
Leu,422,496,91.9,,,,,,,,,,,,,,,,,,,
Cys,423,497,85.2,,,,,,,,,,,,,,,,,,,
Asp,424,498,-2.7,,,,,,,,,,,,,,,104,,,4.8,
Gly,425,499,40.9,,,,,,,,,,,,,,,,,0.2,,
Phe,426,500,42.9,,,,,,,,,,,,,,,,,,,
Phe,427,501,87.5,,,,,,,,,,,,,,,,,,,
Ile,428,502,91.4,,,,,,,,,,,,,,,,,,,
Thr,429,503,102.5,,,,,,,,,,,,,,,,,,,
Ile,430,504,102.8,,,,,,,,,,,,,,,,,,,
Met,431,505,67.3,,,,,,,,,,,,,,,,,,,
Ala,432,506,,,,,,,,,,,,,,,,,,,,
Pro,433,507,59.1,,,,,,,,,,,,,,,,,,,
Ile,434,508,78.5,,,,,,,,,,,,,,,,,,,
Ala,435,509,,,,,,,,,,,,,,,,,,,,
Phe,436,510,35.3,,,,,,,,,,,,,,,,,,,
Glu,437,511,88.4,,,,,,,,,,,,,,,,,,,
Leu,438,512,76.6,,,,,,-0.5,,,,,,,,,,,,,
Val,439,513,112.3,,,,,,,,,,,,,,,,,,,
Gly,440,514,88.6,,,,,,,,,,,,,,,,,,,
Pro,441,515,109.1,,,,,,,,,,,,,,,,,,,
Met,442,516,89.6,,,,,,,,,,,,,,,,,,,
Gln,443,517,85.5,,,,,,,,,,,,,,,,,,,
Ala,444,518,,,,,,,,,,,,,,,,,,,,
Ser,445,519,65.9,,,,72.9,,,,,,2.7,,,,,,,,,
Gln,446,520,86.9,,,,,,,,,,,,,,,,,,,
Ala,447,521,,,,,,,,,,,,,,,,,,,,
Ile,448,522,25.5,,,,,,,,,,,,,,,,,,,
Gly,449,523,75.3,,,,,,,,,,,,,,,,,,,
Tyr,450,524,93.9,,,,,,,,,,,,,,,,,,,
Leu,451,525,90.4,,,,,,,,,,,,,,,,,,,
Leu,452,526,55.6,,,,,,,,,,,,,,,,,,,
Gly,453,527,45.3,,,,,21.9,,,,,,,,,,,,,,
Met,454,528,90.5,,,,,,,,,,,,,,,,,,,
Met,455,529,58.1,,,,,,,,,,,,,,,,,,,
Ala,456,530,,,,,,,,,,,,,,,,,,,,
Leu,457,531,81.7,,,,,,,,,,,,,,,,,,,
Pro,458,532,31.9,,,,,,,,,,,,,,,,,,,
Met,459,533,62.5,,,,,,,,,,,,,,,,,,,
Ile,460,534,93.7,,,,,,,,,,,,,,,,,,,
Ala,461,535,,,,,,,,,,,,,,,,,,,,
Gly,462,536,81.7,,,,,,,,,,,,,,,,,,,-1.5
Pro,463,537,31.9,,,,,,,,,,6.9,,,,,,,,,
Pro,464,538,62.5,,,,,,,,,,,,,,,,,,,
Ile,465,539,93.7,,,,,,,,,,,,,,,,,,,
Ala,466,540,,,,,,,,,,,,,,,,,,,,
Gly,467,541,74.4,,,,,,,,,,,,,,,,71,,,
Leu,468,542,92.6,,,,,,,,,,,,,,,,,,,
Leu,469,543,86.1,,,,,,23.8,,,,,,,,,,,,,
Arg,470,544,109.6,,,,,,,,,,,,,,,,,,,
Asn,471,545,102.9,,,,,,,,,,,,,,,,,,,
Cys,472,546,111.4,,,,,,,,,,,,,,,,,,,
Phe,473,547,63.5,,,,,,,,,,,,,,,,,,,
Gly,474,548,63.5,,,,,,,,,,,,,,,,,,,
Asp,475,549,63.5,,,,,,,,,,,,,,,,,,,
Tyr,476,550,84.8,,,,,,,,,,,,,,,,,,,
His,477,551,84.8,,,,,,,,,,,,,,,,,,,
Val,478,552,106.1,,,,,,,,,,,,,,,,,,,
Ala,479,553,,,,,,,,,,,,,,,,,,18.1,48.2,
Phe,480,554,14.5,,,,,,,,,,,,,,,,,,,
Tyr,481,555,78.9,,,,,,,,,,,,,,,,,,,
Phe,482,556,98.7,,,,,,,,,,,,,,,,,,,
Ala,483,557,,,,,,,,,,,,,,,,,,,,
Gly,484,558,86.3,,,,,,,,,,,,,,,,,5.9,,
Val,485,559,92.7,,,,,,,,,,,,,,,,,,,
Pro,486,560,84.8,,,,,,,,,,,,,,,,,,,
Pro,487,561,95.3,,,,,,,,,,,,,,,,,,,
Ile,488,562,77.1,,,,,,,,,,,,,,,,,,,
Ile,489,563,85.7,,,,,,,,,,,,,,,,,,,
Gly,490,564,104.3,,,,,,,,,,,,,,,9.1,,,,-1.4
Ala,491,565,,,,,,,,,,,,,,,,,,,,
Val,492,566,108.6,,,,,,,,,,,,,,,,,,,
Ile,493,567,87.7,,,,,,,,,,,,,,,,,,,
Leu,494,568,89.1,,,,,,11.9,,,,,,,,,,,,,
Phe,495,569,104.9,,,,,,,,,,,,,,,,,,,
Phe,496,570,91.8,,,,,,,,,,,,,,,,,,,
Val,497,571,92.6,,,,,,,,,,,,,,,,,,,
Pro,498,572,101,,,,,,,,,,,,,,,,,,,
Leu,499,573,109.8,,,,,,,,,,,,,,,,,,,
Met,500,574,109.5,,,,,,,,,,,,,,,,,,,
His,501,575,109.2,,,,,,,,,,,,,,,,,,,100.8
Gln,502,576,,,,,,,,,,,,,,,,,,,,
Arg,503,577,,,,,,,,,,,,,,,,,,,,
Met,504,578,,,,,,,,,,,,,,,,,,,,
Phe,505,579,,,,,,,,,,,,,,,,,,,,
Lys,506,580,106.6,,,,,,,,,,,,,,,,,,,
Lys,507,581,104,,,,,,,,,,,,,,,,,,,
Glu,508,582,,,,,,,,,,,,,,,,,,,,
Gln,509,583,,,,,,,,,,,,,,,,,,,,
Arg,510,584,,,,,,,,,,,,,,,,,,,,
Asp,511,585,,,,,,,,,,,,,,,,,,,,
Ser,512,586,108.9,,,,,,,,,,,,,,,,,94.7,,
Ser,513,587,113.1,,,,,,,,,,,,,,,,,110.8,,
Lys,514,588,101.3,,,,,,,,,,,,,,,,,,,
Asp,515,589,,,,,,,,,,,,,,,,,,,,
Lys,516,590,101.3,,,,,,,,,,,,,,,,,,,
Met,517,591,,,,,,,,,,,,,,,,,,,,
Leu,518,592,,,,,,,,,,,,,,,,,,,,
Ala,519,593,,,,,,,,,,,,,,,,,,,,
Pro,520,594,,,,,,,,,,,,,,,,,,,,
Asp,521,595,,,,,,,,,,,,,,,,,,,,
Pro,522,596,,,,,,,,,,,,,,,,,,,,
Asp,523,597,,,,,,,,,,,,,,,,,,,,
Pro,524,598,,,,,,,,,,,,,,,,,,,,
Asn,525,599,99.9,,,,,108.5,,,,,,,,,,,,,,
Gly,526,600,,,,,,,,,,,,,,,,,,,,
Glu,527,601,,,,,,,,,,,,,,,,,,,,
Leu,528,602,,,,,,,,,,,,,,,,,,,,
Leu,529,603,,,,,,,,,,,,,,,,,,,,
Pro,530,604,,,,,,,,,,,,,,,,,,,,
Gly,531,605,,,,,,,,,,,,,,,,,,,,
Ser,532,606,,,,,,,,,,,,,,,,,,,,
Pro,533,607,,,,,,,,,,,,,,,,,,,,
Asn,534,608,,,,,,,,,,,,,,,,,,,,
Pro,535,609,,,,,,,,,,,,,,,,,,,,
Glu,536,610,,,,,,,,,,,,,,,,,,,,
Glu,537,611,,,,,,,,,,,,,,,,,,,,
Pro,538,612,,,,,,,,,,,,,,,,,,,,
Ile,539,613,,,,,,,,,,,,,,,,,,,,
